Handle,Title,Body (HTML),Vendor,Product Category,Type,Tags,Published,Option1 Name,Option1 Value,Option2 Name,Option2 Value,Option3 Name,Option3 Value,Variant SKU,Variant Grams,Variant Inventory Tracker,Variant Inventory Qty,Variant Inventory Policy,Variant Fulfillment Service,Variant Price,Variant Compare At Price,Variant Requires Shipping,Variant Taxable,Variant Barcode,Image Src,Image Position,Image Alt Text,Gift Card,SEO Title,SEO Description,Google Shopping / Google Product Category,Google Shopping / Gender,Google Shopping / Age Group,Google Shopping / MPN,Google Shopping / AdWords Grouping,Google Shopping / AdWords Labels,Google Shopping / Condition,Google Shopping / Custom Product,Google Shopping / Custom Label 0,Google Shopping / Custom Label 1,Google Shopping / Custom Label 2,Google Shopping / Custom Label 3,Google Shopping / Custom Label 4,Variant Image,Variant Weight Unit,Variant Tax Code,Cost per item,Status
baliza-v16-premium-gps,Baliza V16 Premium GPS,"<h2>Baliza V16 Premium GPS - La Mejor Protección en Carretera</h2>

<p>La <strong>Baliza V16 Premium GPS</strong> es el dispositivo de preseñalización más avanzado del mercado, diseñado para cumplir con la nueva normativa DGT que entra en vigor el 1 de enero de 2026.</p>

<h3>Características Principales:</h3>
<ul>
<li><strong>Homologada DGT</strong> - Cumple con todas las regulaciones oficiales</li>
<li><strong>GPS de Alta Precisión</strong> - Localización exacta para servicios de emergencia</li>
<li><strong>Batería de 3 años</strong> - Larga duración sin mantenimiento</li>
<li><strong>Resistente al agua IP67</strong> - Funciona en cualquier condición climática</li>
<li><strong>App móvil incluida</strong> - Control y monitorización desde tu smartphone</li>
<li><strong>Luz LED 360°</strong> - Máxima visibilidad desde cualquier ángulo</li>
<li><strong>Activación automática</strong> - Se activa al detectar una parada de emergencia</li>
</ul>

<h3>¿Por qué elegir la Baliza V16 Premium?</h3>
<p>A partir del 1 de enero de 2026, será <strong>obligatorio</strong> llevar una baliza V16 homologada en todos los vehículos en España. Los triángulos de emergencia quedarán obsoletos.</p>

<p>Nuestra Baliza V16 Premium GPS no solo cumple con la normativa, sino que ofrece características premium que garantizan tu seguridad y la de tu familia:</p>

<ul>
<li><strong>Mayor seguridad</strong>: No necesitas salir del vehículo para activarla</li>
<li><strong>Localización GPS</strong>: Los servicios de emergencia te encontrarán más rápido</li>
<li><strong>Durabilidad</strong>: Resistente a golpes, agua y temperaturas extremas</li>
<li><strong>Fácil uso</strong>: Activación con un solo botón</li>
</ul>

<h3>Especificaciones Técnicas:</h3>
<ul>
<li><strong>Dimensiones</strong>: 15 x 15 x 5 cm</li>
<li><strong>Peso</strong>: 350g</li>
<li><strong>Batería</strong>: Litio 3.7V, duración 3 años</li>
<li><strong>Conectividad</strong>: GPS + GLONASS</li>
<li><strong>Certificación</strong>: IP67, CE, DGT</li>
<li><strong>Temperatura de funcionamiento</strong>: -20°C a +60°C</li>
</ul>

<h3>Incluye:</h3>
<ul>
<li>1x Baliza V16 Premium GPS</li>
<li>1x Base magnética</li>
<li>1x Manual de usuario</li>
<li>1x Certificado de homologación DGT</li>
<li>1x App móvil gratuita</li>
<li>Garantía de 2 años</li>
</ul>

<p><strong>¡No esperes al último momento!</strong> Asegura tu cumplimiento con la nueva normativa y protege a tu familia con la mejor tecnología disponible.</p>",BalizaV16,Electronics > GPS Navigation Systems,Baliza V16,"popular,homologada,gps,premium,dgt,2026",TRUE,,,,,,,BV16-PREM-GPS,350,shopify,100,deny,manual,89.00,119.00,TRUE,TRUE,8436589741258,https://images.pexels.com/photos/163792/model-car-land-vehicle-toy-car-163792.jpeg,1,Baliza V16 Premium GPS,FALSE,Baliza V16 Premium GPS - Homologada DGT | Obligatoria 2026,Baliza V16 Premium GPS homologada DGT. GPS integrado y batería 3 años. Obligatoria desde 2026. Envío gratuito. ¡Compra ahora!,Electronics > GPS Navigation Systems,Unisex,Adult,BV16PREMGPS,Baliza V16,Premium GPS,New,FALSE,Baliza,V16,Premium,GPS,DGT,,kg,,65.00,active
baliza-v16-estandar,Baliza V16 Estándar,"<h2>Baliza V16 Estándar - Cumplimiento Normativo Garantizado</h2>

<p>La <strong>Baliza V16 Estándar</strong> es la solución perfecta para cumplir con la nueva normativa DGT de forma económica y eficiente. Diseñada para ofrecer todas las funciones esenciales que exige la ley.</p>

<h3>Características Principales:</h3>
<ul>
<li><strong>Homologada DGT</strong> - Certificación oficial para uso en España</li>
<li><strong>Localización GPS</strong> - Sistema de posicionamiento integrado</li>
<li><strong>Batería de 2 años</strong> - Autonomía garantizada</li>
<li><strong>Resistente a la lluvia</strong> - Protección IPX4</li>
<li><strong>Fácil instalación</strong> - Lista para usar en segundos</li>
<li><strong>Luz LED visible</strong> - Señalización efectiva día y noche</li>
</ul>

<h3>Perfecta para:</h3>
<ul>
<li>Conductores que buscan cumplir la normativa</li>
<li>Vehículos de uso ocasional</li>
<li>Presupuestos ajustados sin renunciar a la calidad</li>
<li>Flotas de empresa (disponibles descuentos por volumen)</li>
</ul>

<h3>Especificaciones:</h3>
<ul>
<li><strong>Dimensiones</strong>: 12 x 12 x 4 cm</li>
<li><strong>Peso</strong>: 280g</li>
<li><strong>Batería</strong>: Litio 3.7V, duración 2 años</li>
<li><strong>Certificación</strong>: IPX4, CE, DGT</li>
</ul>

<p><strong>Calidad garantizada al mejor precio.</strong> No comprometas tu seguridad ni el cumplimiento legal.</p>",BalizaV16,Electronics > GPS Navigation Systems,Baliza V16,"homologada,estandar,economica,dgt,2026",TRUE,,,,,,,BV16-STD,280,shopify,150,deny,manual,79.00,99.00,TRUE,TRUE,8436589741265,https://images.pexels.com/photos/1118448/pexels-photo-1118448.jpeg,1,Baliza V16 Estándar,FALSE,Baliza V16 Estándar - Homologada DGT | Precio Económico,Baliza V16 Estándar homologada DGT. Cumple normativa 2026. GPS integrado y batería 2 años. El mejor precio garantizado.,Electronics > GPS Navigation Systems,Unisex,Adult,BV16STD,Baliza V16,Estándar,New,FALSE,Baliza,V16,Estándar,Económica,DGT,,kg,,58.00,active
baliza-v16-pro-connect,Baliza V16 Pro Connect,"<h2>Baliza V16 Pro Connect - Tecnología Avanzada para Máxima Seguridad</h2>

<p>La <strong>Baliza V16 Pro Connect</strong> representa lo último en tecnología de seguridad vial. Con conectividad 4G y funciones inteligentes, es la elección de los conductores más exigentes.</p>

<h3>Características Premium:</h3>
<ul>
<li><strong>Homologada DGT</strong> - Certificación oficial máxima</li>
<li><strong>GPS de alta precisión</strong> - Localización exacta al metro</li>
<li><strong>Conectividad 4G</strong> - Comunicación directa con servicios de emergencia</li>
<li><strong>Batería de 4 años</strong> - La mayor duración del mercado</li>
<li><strong>App avanzada con alertas</strong> - Notificaciones push en tiempo real</li>
<li><strong>Notificación automática</strong> - Avisa automáticamente a emergencias</li>
<li><strong>Sensor de impacto</strong> - Activación automática en accidentes</li>
<li><strong>Resistencia extrema</strong> - IP68, resistente a golpes</li>
</ul>

<h3>Funciones Inteligentes:</h3>
<ul>
<li><strong>Detección automática de emergencias</strong></li>
<li><strong>Envío de ubicación a contactos de emergencia</strong></li>
<li><strong>Historial de ubicaciones</strong></li>
<li><strong>Alertas de mantenimiento</strong></li>
<li><strong>Integración con seguros</strong></li>
</ul>

<h3>Ideal para:</h3>
<ul>
<li>Conductores profesionales</li>
<li>Viajes largos y frecuentes</li>
<li>Vehículos de alta gama</li>
<li>Máxima tranquilidad familiar</li>
</ul>

<h3>Especificaciones Técnicas:</h3>
<ul>
<li><strong>Dimensiones</strong>: 16 x 16 x 6 cm</li>
<li><strong>Peso</strong>: 420g</li>
<li><strong>Batería</strong>: Litio 3.7V, duración 4 años</li>
<li><strong>Conectividad</strong>: GPS + GLONASS + 4G LTE</li>
<li><strong>Certificación</strong>: IP68, CE, DGT Premium</li>
</ul>

<p><strong>La inversión en seguridad más inteligente.</strong> Tecnología que puede salvar vidas.</p>",BalizaV16,Electronics > GPS Navigation Systems,Baliza V16,"premium,conectividad,4g,profesional,dgt,2026",TRUE,,,,,,,BV16-PRO-4G,420,shopify,75,deny,manual,129.00,159.00,TRUE,TRUE,8436589741272,https://images.pexels.com/photos/248747/pexels-photo-248747.jpeg,1,Baliza V16 Pro Connect,FALSE,Baliza V16 Pro Connect - Tecnología 4G | Máxima Seguridad,Baliza V16 Pro Connect con 4G y GPS. Notificación automática a emergencias. Batería 4 años. La más avanzada del mercado.,Electronics > GPS Navigation Systems,Unisex,Adult,BV16PRO4G,Baliza V16,Pro Connect,New,FALSE,Baliza,V16,Pro,4G,Premium,,kg,,95.00,active
pack-familiar-2-balizas,Pack Familiar 2 Balizas V16,"<h2>Pack Familiar 2 Balizas V16 - Protección Completa para Toda la Familia</h2>

<p>El <strong>Pack Familiar 2 Balizas V16</strong> es la solución perfecta para familias con múltiples vehículos. Incluye dos balizas Premium GPS con un ahorro significativo y accesorios adicionales.</p>

<h3>¿Qué incluye el pack?</h3>
<ul>
<li><strong>2x Baliza V16 Premium GPS</strong> - Valor individual: 89€ cada una</li>
<li><strong>2x Base magnética</strong> - Para instalación rápida</li>
<li><strong>1x Estuche de transporte</strong> - Protección y organización</li>
<li><strong>2x Manual de usuario</strong></li>
<li><strong>2x Certificado DGT</strong></li>
<li><strong>Garantía extendida</strong> - 3 años en lugar de 2</li>
<li><strong>Soporte técnico prioritario</strong></li>
</ul>

<h3>Ventajas del Pack Familiar:</h3>
<ul>
<li><strong>Ahorro de 29€</strong> - Precio individual: 178€, Pack: 149€</li>
<li><strong>Garantía extendida</strong> - Un año adicional de cobertura</li>
<li><strong>Estuche incluido</strong> - Valor 15€ sin coste adicional</li>
<li><strong>Instalación gratuita</strong> - Servicio técnico incluido</li>
<li><strong>Soporte familiar</strong> - Gestión centralizada de ambas balizas</li>
</ul>

<h3>Perfecto para:</h3>
<ul>
<li>Familias con 2 vehículos</li>
<li>Parejas que comparten coches</li>
<li>Padres con hijos conductores</li>
<li>Pequeñas empresas (2-3 vehículos)</li>
</ul>

<h3>Cada Baliza Incluye:</h3>
<ul>
<li>GPS de alta precisión</li>
<li>Batería de 3 años</li>
<li>Resistencia IP67</li>
<li>App móvil</li>
<li>Homologación DGT</li>
</ul>

<h3>Servicios Adicionales Incluidos:</h3>
<ul>
<li><strong>Configuración remota</strong> - Te ayudamos a configurar ambas balizas</li>
<li><strong>Sincronización familiar</strong> - Gestión desde una sola app</li>
<li><strong>Alertas compartidas</strong> - Notificaciones a toda la familia</li>
<li><strong>Descuentos futuros</strong> - 10% en próximas compras</li>
</ul>

<p><strong>La tranquilidad de toda la familia al mejor precio.</strong> Cumplimiento normativo completo con máximo ahorro.</p>",BalizaV16,Electronics > GPS Navigation Systems,Pack Balizas,"pack,familiar,ahorro,2-unidades,dgt,2026",TRUE,,,,,,,PACK-FAM-2BV16,700,shopify,50,deny,manual,149.00,178.00,TRUE,TRUE,8436589741289,https://images.pexels.com/photos/919073/pexels-photo-919073.jpeg,1,Pack Familiar 2 Balizas V16,FALSE,Pack Familiar 2 Balizas V16 - Ahorra 29€ | Homologadas DGT,Pack 2 Balizas V16 Premium GPS. Ahorro de 29€ + estuche gratis. Homologadas DGT. Perfectas para familias. Garantía extendida.,Electronics > GPS Navigation Systems,Unisex,Adult,PACKFAM2,Pack Baliza,Familiar,New,FALSE,Pack,Familiar,Ahorro,2-Balizas,DGT,,kg,,118.00,active